Source,Pages
increase in motivation is usually accompanied by an increased output in performance,	310
fear, produced in a stressful situation, may be beneficial to performance,	310
fear may account for the increased efficiency that one finds occasionally for some individuals under strssful conditions,	310
motivation does increase the adequacy of performance,	310
fear produced by a stressful situation has a considerable motivational component,	311
in some instances, high degrees of motivation or fear seem to produce a decrement or impairment of performance,	311
[motivation can produce] the impetus to action and the persistence of action,	311
motivation has a directive aspect and a terminating effect,	311
decrements in performance may be due to an inappropriate increase in speed of performance,	311



